metrics/precision(B),metrics/recall(B),metrics/mAP50(B),metrics/mAP50-95(B),fitness
0.2666640768199642,0.2918287937743191,0.16431218137345244,0.14520005481722548,0.14520005481722548
