Model,num_images,num_detections,avg_confidence,max_confidence,avg_inference_time_ms
YOLOv8m,50,98,0.6194453139086159,0.9242982864379883,23.356106700897218
OWL-ViT,50,30,0.1425559066236019,0.2699987292289734,49.12616882324219
GroundingDINO,50,200,0.41127763509750365,0.8930116891860962,260.7497528076172
