metrics/precision(B),metrics/recall(B),metrics/mAP50(B),metrics/mAP50-95(B),fitness
0.24129246106044946,0.5093167701863354,0.1867089349144746,0.15948504346365333,0.15948504346365333
