{
    "num_images": 30,
    "num_detections": 105,
    "avg_confidence": 0.4501536891573951,
    "max_confidence": 0.8883968591690063,
    "avg_inference_time_ms": 269.10026868184406
}